case_id,customer_text,ai_draft_intent,ai_draft_auto_handle,fresh_ai_intent,fresh_ai_auto_handle,fresh_ai_rationale,YOUR_final_intent,YOUR_final_auto_handle,YOUR_reasoning
724019,@AppleSupport What's happening to my battery? It suddenly changes its percentage when I put it to charge/drops to 1% when in use. #iPhone https://t.co/qDZWZAqzK1,software_bug_after_update,True,hardware_malfunction,True,"The customer describes the battery percentage changing abruptly while charging and dropping to 1% during use, which is a battery/charging fault without an update trigger.",hardware_malfunction,True,"The battery indicator abruptly changes while charging and drops to 1% during use, describing a battery fault with no update mentioned; this is a routine hardware-troubleshooting case."
2953792,@AppleSupport Not talking about that shitty keyboard you changed once and which starts to be unresponsive again.,software_bug_after_update,True,hardware_malfunction,True,"The customer says the keyboard becomes unresponsive again; no update is mentioned, so the direct fault is the keyboard hardware category and it is a routine troubleshooting case.",hardware_malfunction,True,"The customer says the keyboard they previously had changed has become unresponsive again, with no update mentioned; this is a routine physical-keyboard troubleshooting issue."
2294657,@AppleSupport Gone from beard https://t.co/WOvAuH6wh6,how_to_question,False,complaint_feedback,False,"The entire message is only 'Gone from beard' plus a link, with no actionable support request in the visible text; it is too cryptic to handle safely.",complaint_feedback,False,"The visible message is only “Gone from beard” plus a link, so there is no clear support problem or actionable request to handle."
897701,Who is hacking in to my camera when I’m FaceTiming my brother? It was only app open. Our convos aren’t that serious... @115858 @AppleSupport https://t.co/CDvyF2UuaE,complaint_feedback,False,account_access,False,"The customer believes someone is hacking the camera during FaceTime, which is a security/privacy concern and requires human investigation.",account_access,False,"The customer asks who is hacking the camera during FaceTime, raising a security/privacy concern that requires investigation rather than routine handling."
2729020,"@AppleSupport Good morning, I bought and MacBook Pro 2017, can I buy an Apple Care +? I’m in Spain and here is not available, it’s possible do it somehow?",billing_purchase,True,billing_purchase,False,The customer asks about buying AppleCare+ and says it is unavailable in Spain; this is a purchase/eligibility decision rather than a routine feature question.,billing_purchase,False,The customer asks whether AppleCare+ can be bought for a 2017 MacBook Pro in Spain despite it being unavailable there; this is a purchase/eligibility decision.
2703179,@AppleSupport App Store doesn’t work since iOS 11 update. Can’t download app unless I have WiFi. Argh. #Frustrated,connectivity_issue,True,software_bug_after_update,True,The App Store stopped working after the iOS 11 update and apps cannot be downloaded without Wi-Fi; the update-linked broken behavior is the main issue.,software_bug_after_update,True,The App Store has not worked since the iOS 11 update and apps cannot be downloaded without WiFi; this is a specific post-update software problem with a standard troubleshooting path.
1004457,"where my time? #apple @115858
bug lockscreen.. https://t.co/gjdt5VNjKb",software_bug_after_update,True,complaint_feedback,False,"The visible text only says 'where my time? bug lockscreen' and points to a link, leaving the actual symptom too unclear to act on confidently.",complaint_feedback,False,The message says “where my time?” and “bug lockscreen” but gives no clear description of the lock-screen problem or actionable request; the visible text is too vague to handle safely.
851786,"@AppleSupport Problem with my MBP15 2016. If I connect my Lacie Rugged to one of the ports on the left side of my Mac, the drive  doesn't appear on my Mac.. Also, my iPhone 6s doesn't charge using the ports on the left. It did work for the past eight months.",hardware_malfunction,True,hardware_malfunction,True,The customer reports a Mac port that no longer recognizes a drive and also will not charge an iPhone through the left-side ports; these are physical port/charging faults with no update mentioned.,hardware_malfunction,True,The left-side MacBook ports no longer detect a LaCie drive or charge an iPhone even though they worked for eight months; this is a specific port/charging hardware fault suitable for routine troubleshooting.
1913072,"@AppleSupport my phone is discharging battery as normal but indicator is staying at 100%. What can I do to rectify?  I’ve reset my phone, and there is no change #appleproblems",software_bug_after_update,True,hardware_malfunction,True,"The battery is discharging while its indicator stays at 100%, and resetting the phone did not change it; with no update mentioned, this is a battery/charging fault suitable for routine troubleshooting.",hardware_malfunction,True,"The phone continues discharging normally while the battery indicator remains stuck at 100%, even after a reset; this is a battery-indicator malfunction with no update mentioned."
2279895,"@116333 @AppleSupport @115858 Sir, i booked an Iphone X on 9th of Oct ‘17 in a store in Kanpur, Uttar Pradesh, India The store haven’t issued a product till date. Action please. Picture attached. https://t.co/zDbIfvW0Os",billing_purchase,False,billing_purchase,False,"The customer booked an iPhone X and says the store still has not issued the product, asking for action; this is a purchase/order fulfillment issue requiring a store/order lookup.",billing_purchase,False,The customer says an iPhone X was booked on October 9 but the Kanpur store still has not issued the product and asks for action; this is an order/fulfillment issue requiring lookup.
2110806,@115858 either don't make my iPhone defective when I run out of iCloud space or don't make iCloud storage a monthly fee. It is complete bs that my phone stops working even though my actual phone storage is abundant.,account_access,False,billing_purchase,False,The customer objects to iCloud storage being a monthly fee and says the phone stops working when storage is exhausted; the explicit money/pricing complaint takes priority and needs billing handling.,billing_purchase,False,The customer objects to iCloud storage being a monthly fee and says the phone stops working when iCloud space is full; the message involves paid storage and a billing/service decision.
1458740,"@AppleSupport hi, what can i do? Everything is true ! https://t.co/jTFxyqRfrW",complaint_feedback,False,complaint_feedback,False,"The visible message only says 'what can i do? Everything is true!' and points to a link, so there is not enough concrete information to identify or safely handle an intent.",complaint_feedback,False,"The customer only says “what can i do? Everything is true!” alongside a link, without a visible specific problem or actionable request."
2509411,@AppleSupport iTunes doesn’t accept my PayPal account as my payment method can you please help,billing_purchase,True,billing_purchase,False,The customer says iTunes rejects PayPal as a payment method and asks for help; a payment-method problem requires billing/account-specific handling.,billing_purchase,False,The customer says iTunes will not accept their PayPal account as a payment method and asks for help; this directly concerns a payment method.
1425142,"@AppleSupport iCloud just saved over my current LR catalog and made me lose all my info!! HELP please now.
C.S. Hung up on me.
WTH!!!",software_bug_after_update,False,account_access,False,"The customer says iCloud overwrote a current catalog and caused loss of information, then reports a support call being disconnected; this is an iCloud/account-data case with significant data loss requiring human handling.",account_access,False,"The customer says iCloud overwrote an existing Lightroom catalog and caused loss of information, then says support hung up; because the issue is tied to iCloud data and needs investigation, it is not safely auto-handled."
2406519,@543422 @AppleSupport Heading to Apple to day. Will say it’s charged then sitting off the charge for few minutes hits 20%,software_bug_after_update,True,hardware_malfunction,True,"The phone appears to show a full charge but drops to 20% within minutes off the charger; with no update mentioned, this is a battery/charging fault suitable for routine troubleshooting.",hardware_malfunction,True,The customer says the phone appears charged but drops to 20% within minutes after being removed from the charger; this is a battery/charging fault without an update mentioned.
2580539,"@115858 think they funny. I got a 6s, beautiful phone. But now since the new update My battery drops by the second with nothing open, my charger that I have had for three months doesn’t work anymore (accessory not supported) charge the batter over night and only get 40 percent.",software_bug_after_update,True,software_bug_after_update,True,"The customer ties rapid battery loss and an accessory-not-supported charging problem to the new update, making the update-linked software/charging behavior the primary issue.",software_bug_after_update,True,"Since the new update, the battery drops rapidly, a previously working charger reports “accessory not supported,” and overnight charging reaches only 40%; the explicit update link makes this a post-update software issue suitable for standard troubleshooting."
1949779,@AppleSupport My dad says he wants to upgrade his dog and bone. That scares me as I hope he’s talking cockney about his phone and not about upgrading me. Thou he could certainly upgrade the bone I get. Can you help Apple humans ?,update_install_issue,True,complaint_feedback,False,"The message is a humorous, cryptic joke about 'upgrade my dog and bone' and asks Apple humans for help without a concrete support problem, so it cannot be acted on confidently.",complaint_feedback,False,"The customer jokingly says their dad wants to “upgrade” his dog and bone and asks Apple humans for help, but provides no genuine actionable support issue."
704542,Anyone having issues with their iPad Pro Smart Keyboard after ios11? @AppleSupport,software_bug_after_update,True,hardware_malfunction,True,"The customer asks about an iPad Pro Smart Keyboard problem after iOS 11; the keyboard is the affected hardware, although the post-update context suggests software compatibility.",software_bug_after_update,True,"The customer asks about an iPad Pro Smart Keyboard problem specifically “after ios11,” making the update the key trigger for the malfunction; it can receive routine troubleshooting."
639704,"@AppleSupport Legally speaking, can i use @115858 's logo to put it in a public poster ? Goal is to make people coming in our next school conference ""buying guide for christmas"" ? Will be discret and next to other's logos",how_to_question,True,how_to_question,False,"The customer asks whether Apple's logo can legally be used on a public poster; although phrased as a question, it is legal content and therefore requires human handling.",how_to_question,False,"The customer asks whether they can legally use Apple’s logo on a public school-conference poster; although it is phrased as a how-to question, the legal-use decision is not a routine support case for automatic handling."
154420,@AppleSupport ever since the iOS 11.1.2 update my iPad Pro battery drains 2x as fast and frequently stops charging while in use. Even when I put it in airplane mode to charge it takes 2x as long. Please fix this. This is my lifeline at school!,software_bug_after_update,True,software_bug_after_update,False,"The iOS 11.1.2 update is followed by battery drain and repeated charging stops; because the customer calls it a lifeline at school and describes a significant charging problem, human review is safer for the potentially serious battery/charging fault.",software_bug_after_update,False,"Since the iOS 11.1.2 update, the iPad Pro battery drains twice as fast and repeatedly stops charging, even in airplane mode; the customer also calls it their “lifeline at school,” making this a serious case that should not be auto-handled."
2843863,@AppleSupport Awesome! I have a 6s and I'm using Wifi. To use ITunes do I have to do it on a mac?,update_install_issue,True,how_to_question,True,The customer asks whether iTunes must be used on a Mac despite using Wi-Fi on an iPhone 6s; this is a routine usage question.,how_to_question,True,The customer asks whether iTunes on an iPhone 6s using WiFi has to be used on a Mac; this is a straightforward how-to question with no broken feature reported.
962669,@AppleSupport Hello? Anyone there?? Why no one try to help me?,complaint_feedback,True,complaint_feedback,False,"The message only asks why nobody is helping and provides no actual support symptom, so it is too vague to act on.",complaint_feedback,False,The customer says “Hello? Anyone there?? Why no one try to help me?” and gives no specific technical problem; it is a pure escalation/venting message.
2710956,"I’m sitting here in Starbucks rebooting my iPad Pro like some Windows user, just to get my keyboard to work. It Just Works, @AppleSupport ?",software_bug_after_update,True,hardware_malfunction,True,"The customer is rebooting an iPad Pro because its keyboard will not work; with no update mentioned, the direct issue is the keyboard hardware and routine troubleshooting is appropriate.",hardware_malfunction,True,"The customer says they have to reboot an iPad Pro just to get its keyboard to work; no update is mentioned, so the keyboard failure is a routine hardware/peripheral troubleshooting case."
1402942,Going to a party tonight n can’t upload any pics bc my iCloud is acting up @115858 @AppleSupport pls resolve xo,software_bug_after_update,True,account_access,False,The customer cannot upload pictures because iCloud is 'acting up'; the iCloud service/account is the central dependency and the text does not provide enough detail for safe automatic handling.,account_access,False,The customer says they cannot upload pictures because iCloud is “acting up” and asks AppleSupport to resolve it; the iCloud-related account/service problem is not appropriate for automatic handling.
289138,"Definitivamente usar la fototeca iCloud de @115858 es un mal invento, retrasos en cargar fotos y en vídeo horrible, compartir imposible.",software_bug_after_update,True,software_bug_after_update,True,"The customer says iCloud Photo Library has delayed photo/video loading and impossible sharing; the described problem is a broken cloud-photo feature, not account login.",software_bug_after_update,True,"The customer reports delays loading iCloud photos and video and says sharing is impossible, describing concrete malfunctioning behavior of Apple’s photo software without a purchase or login issue."
2078507,Hey @AppleSupport iOS 11 (11.0.1 and 11.0.2) is trash. My 7 is so slow now and the battery drains... How can i downgrade back to iOS 10?,update_install_issue,True,software_bug_after_update,True,The customer says iOS 11 made the iPhone slow and drained the battery and asks how to downgrade to iOS 10; the dominant issue is post-update software degradation.,software_bug_after_update,True,"The customer says iOS 11 made the iPhone 7 extremely slow and caused battery drain, then asks how to downgrade; the reported symptoms are consequences of the installed update, not a failure to install it."
2002871,"@AppleSupport trying to set up my iPhone X and have been getting an ""activation Server is temporarily unavailable message"" for 30 min. Help!",update_install_issue,True,account_access,False,The customer cannot activate an iPhone X because the Activation Server is unavailable for 30 minutes; activation is an account/device identity process that needs human handling.,account_access,False,"While setting up an iPhone X, the customer has repeatedly received an “activation Server is temporarily unavailable” message for 30 minutes; activation/account access needs investigation and is not auto-handled."
937547,@AppleSupport @115858 I charge my cell up to 99% by 7 am and by 1 pm the battery left is only 25% ..with a moderate use..Extremely pathetic,software_bug_after_update,True,hardware_malfunction,True,"The battery falls from 99% to 25% by early afternoon with moderate use, without any update mentioned; this is a routine battery fault.",hardware_malfunction,True,"The customer charges the phone to 99% by 7 a.m. but has only 25% by 1 p.m. with moderate use, with no update mentioned; this is a routine battery fault/troubleshooting case."
2285591,@AppleSupport How can one “download” the correct software to have WiFi when your computer all of a sudden doesn’t have the “capabilities”? https://t.co/5B8opNbyNW,connectivity_issue,True,update_install_issue,True,The customer asks how to download the correct software to restore Wi-Fi capabilities on a computer; the request centers on obtaining/installing the software needed for the system.,update_install_issue,True,The customer asks how to “download” the correct software to restore WiFi capability on a computer that suddenly lacks it; the request is about obtaining/installing the needed software.
1298530,@AppleSupport evening. It’s just taken 3 hours to get my IPhone to wake up from a run down battery. Help please!,software_bug_after_update,True,hardware_malfunction,True,"The customer says it took three hours for the iPhone to wake after the battery ran down; with no update or safety signal stated, this is a routine charging/power troubleshooting issue.",hardware_malfunction,True,"The iPhone takes three hours to wake after its battery runs down; no update or safety issue is mentioned, so this is a routine battery/power troubleshooting case."
2680021,My iPhone takes forever to charge but the battery dies within an hour or 2? @AppleSupport @115858,software_bug_after_update,True,hardware_malfunction,True,"The iPhone takes a long time to charge and the battery dies within one or two hours, with no update mentioned; this is a routine battery/charging fault.",hardware_malfunction,True,"The iPhone takes an unusually long time to charge and then the battery dies within one or two hours, with no update mentioned; this is a routine battery/charging hardware problem."
2616618,"@115858 you know we I still having problem with the wifi, have to shake it and hit it to nake work properly. any solution?",hardware_malfunction,False,connectivity_issue,True,The customer says Wi-Fi only works after shaking/hitting the device and asks for a solution; Wi-Fi is the explicit connectivity problem.,connectivity_issue,True,"The customer reports WiFi still malfunctioning and says they have to shake and hit the device to make it work properly; despite the odd workaround, the specific issue is WiFi and can be addressed with standard connectivity troubleshooting."
2122554,"fix the damn glitch already @AppleSupport 

thank you!",software_bug_after_update,True,complaint_feedback,False,"The message only says 'fix the damn glitch already' without identifying which glitch, so it is too vague to act on safely.",complaint_feedback,False,"The customer only says “fix the damn glitch already” without identifying which glitch or what is happening, so the visible text is too vague for safe automatic handling."
1551330,"So we really just gonna ignore this in the 11.1 update @applesupport ?

oh ok. https://t.co/bOnwOeMNlp",software_bug_after_update,False,software_bug_after_update,False,The customer says they are being ignored about something in the iOS 11.1 update but gives no concrete symptom; the update context is clear but the actual issue is too vague to act on confidently.,software_bug_after_update,False,"The customer sarcastically asks whether Apple is going to ignore “this” in the 11.1 update, but the visible text does not identify the underlying bug; the update reference is clear but the actual symptom is too vague to auto-handle."
649799,@AppleSupport Can the series 3 cellular Apple Watch receive texts/calls from your number when your iPhone is out of battery?,connectivity_issue,True,how_to_question,True,The customer asks whether a cellular Apple Watch can receive texts/calls when the iPhone is out of battery; this is a feature-capability question.,how_to_question,True,The customer asks whether an Apple Watch Series 3 cellular can receive texts and calls from their number when the iPhone is out of battery; this is a straightforward feature-usage question.
1835143,"@AppleSupport iPhone 6s+ turned into Headphone mode, no headphone inserted, BT off, restart didnt help. Speaker works in phone calls. Idea?",hardware_malfunction,True,software_bug_after_update,True,The iPhone is stuck in headphone mode with no headphones inserted and restarting did not help; this is a software/audio-routing malfunction.,software_bug_after_update,True,"The iPhone 6s+ is stuck in Headphone mode with no headphones inserted, Bluetooth off, and a restart not helping; this is a device/OS behavior problem rather than a reported physical component failure."
1121152,After updating #IOS11 my #iphone5s bettery draining unexpectedly. Phone heating. @AppleSupport @115858 yet i bought #iphoneSE DNT LOOSE FETH,software_bug_after_update,True,software_bug_after_update,False,"After updating to iOS 11, the iPhone 5s battery drains unexpectedly and the phone heats up; the overheating signal makes this a safety-sensitive post-update case.",software_bug_after_update,False,"After updating to iOS 11, the customer reports unexpected battery drain and a heating phone; the combination of an update-triggered battery problem and overheating is a safety signal, so it should not be auto-handled."
1021156,"@AppleSupport can I downgrade my iOS, it’s turned my phone from Bolt to Snail...  a non-responsive mess #awful",update_install_issue,True,software_bug_after_update,True,The customer says downgrading is desired because iOS made the phone slow and non-responsive; the dominant problem is post-update software degradation.,software_bug_after_update,True,"The customer says the iOS update turned the phone from “Bolt to Snail” and made it non-responsive, then asks about downgrading; the core problem is post-update software misbehavior rather than update installation failure."
2073173,@115858 the software updates have made my phone a lovely paperweight. Phone won’t even charge though it’s plugged in and shows it is charging,software_bug_after_update,True,hardware_malfunction,False,The customer says software updates made the phone a paperweight and that it will not charge even though it shows charging; the severe charging failure needs human diagnosis rather than automatic handling.,software_bug_after_update,True,"The customer says software updates have made the phone a “paperweight” and that it will not charge even while showing that it is charging; the update is explicitly blamed for the resulting device behavior, without a safety or warranty signal."
208610,"@AppleSupport real issues with making phone calls since the update. They can’t hear me I can’t hear them. Battery replaced, still going on!",software_bug_after_update,False,software_bug_after_update,False,"The customer cannot make phone calls since the update and says the other party cannot hear them either; because the issue is important for their job and affects core calling, human troubleshooting is appropriate.",software_bug_after_update,False,"Since the update, the customer cannot hear callers and callers cannot hear them, and replacing the battery did not fix it; the severe call failure needs investigation rather than automatic handling."
1647380,@AppleSupport My iCloud photo library has been stuck at 1% for the past 3 or so hours? https://t.co/CCGnkn5bP7,software_bug_after_update,True,software_bug_after_update,True,The customer's iCloud Photo Library has been stuck at 1% for hours; this is a stalled cloud-photo feature rather than an account-login problem.,software_bug_after_update,True,"The iCloud Photo Library has been stuck at 1% for three hours, which is a concrete software/service malfunction suitable for routine troubleshooting."
1861359,@AppleSupport help! Since the ios update I can no longer make calls! Vital for my job. Having to rely on whatsapp currently,software_bug_after_update,True,connectivity_issue,False,"The customer cannot make calls since the iOS update and must rely on WhatsApp; this is a cellular/calling connectivity failure affecting essential work, so human handling is appropriate.",software_bug_after_update,False,"Since the iOS update, the customer can no longer make phone calls and says this is vital for their job, forcing them to rely on WhatsApp; the serious post-update call failure warrants non-automatic handling."
1448084,@AppleSupport On iOS11.0.2. Travelling overseas. Can’t connect to any WiFi so how can I get latest update??,update_install_issue,True,connectivity_issue,False,The customer cannot connect to Wi-Fi while traveling and needs it to obtain the latest update; Wi-Fi is the direct failure and the travel/update dependency makes human assistance appropriate.,connectivity_issue,False,"The customer on iOS 11.0.2 cannot connect to any WiFi while traveling overseas and asks how to get the latest update; the immediate actionable problem is connectivity, and the combination with being unable to update warrants non-automatic handling."
