case_id,customer_text,ai_consensus_intent,ai_consensus_auto_handle,YOUR_final_intent,YOUR_final_auto_handle,YOUR_reasoning
204131,@AppleSupport Major problems with my iPhone 6 #gps since the iOS update last week. Can’t find my location to use Maps or Pokémon Go. 😡,software_bug_after_update,True,software_bug_after_update,True,The customer reports major GPS problems 'since the iOS update last week' and says Maps and Pokémon Go cannot find the location; the update is the stated trigger for the software/location failure.
2924633,"@AppleSupport A song's iCloud status is matched. When played a different song is played. On Apple music, same album plays right song. I've re-ripped so many times and nothing. Pls help!",software_bug_after_update,True,software_bug_after_update,True,The customer says an iCloud-matched song plays a different song in Apple Music while the same album plays correctly elsewhere; this is a specific music-library software malfunction.
2319816,@AppleSupport  please answer my call my Apple ID is disabled and I don’t know why. https://t.co/fmSZJ4YROF,account_access,False,account_access,False,The customer says their Apple ID is disabled and asks Apple to answer the call; this is explicitly an account-access problem and therefore cannot be auto-handled.
1539283,"@AppleSupport fix this freaking I️ glitch, please. I’m about to lose my mind.",software_bug_after_update,True,software_bug_after_update,True,The customer asks Apple to fix the 'I' glitch and describes a concrete keyboard-character problem; this is the known software keyboard bug and is routine to handle.
1224630,"So, I purchased Fantastical from @115858 store over a year ago.  Changed my Apple ID recently and can not update or re-download.  1/",account_access,False,account_access,False,"The customer says they changed their Apple ID and can no longer update or re-download a previously purchased app; the changed Apple ID is directly blocking access to the purchase, so account access takes priority."
1131381,"@AppleSupport Impossible to connect my wifi during a long time with 11.02 and with 11.03. It is a real problem. A new patch, please...",connectivity_issue,True,connectivity_issue,True,"The customer says they cannot connect to Wi-Fi on iOS 11.0.2 and 11.0.3 and asks for a patch; the concrete problem is Wi-Fi connectivity, which takes priority over the update context."
271280,"@AppleSupport 
Two apps that I did not purchase appeared on my iPhone. Also received notification of $1.99 weekly subscription to one.  WTF? https://t.co/rKaebzabTu",billing_purchase,False,billing_purchase,False,The customer reports two apps they did not purchase and a $1.99 weekly subscription notification; unauthorized purchase/subscription activity is money-related and must not be auto-handled.
295926,"@AppleSupport iOS 11 is buggy AF! Apps- buggy, Messenger-buggy. Cumbersome home screen swipe menus. Can I go back ? Is this my life now?!",software_bug_after_update,True,software_bug_after_update,True,"The customer says iOS 11 is 'buggy,' with apps and Messenger malfunctioning and cumbersome home-screen menus, then asks about going back; the update is causing software problems."
571847,@AppleSupport @115948 a lot of my music is “Unavailable” unless I delete it and re add it to my playlist/music library is there a way around this so I don’t have to do this for 100 songs https://t.co/b75R3OnXKN,software_bug_after_update,True,software_bug_after_update,True,"The customer says many Apple Music tracks show 'Unavailable' unless deleted and re-added, asking for a way around doing this for 100 songs; this is a specific music-library software issue."
864442,hey @AppleSupport any new updates to fix the messages bugs as well as the updating apps bugs? Its getting ridiculous that in order to update my apps I have to restart my phone bc it won't update on its own and freezes everything,update_install_issue,True,update_install_issue,True,"The customer says app updates require restarting the phone because they do not update and the phone freezes, and asks for updates to fix the updating-app bug; the immediate problem is the app-update process itself."
360272,@AppleSupport how do I transfer a bunch of powerpoints and microsoft words from a lenovo android tablet to my ipad mini2?,how_to_question,True,how_to_question,True,"The customer asks how to transfer PowerPoint and Word files from a Lenovo Android tablet to an iPad mini 2; nothing is reported as broken, so this is a routine how-to question."
1757941,Please @AppleSupport make my option to disabled wifi to really disable the wifi! Even disabled it still connects to known access points! Tks,connectivity_issue,True,connectivity_issue,True,The customer says Wi-Fi still connects to known access points after being disabled and asks for it to really turn off; this is a Wi-Fi connectivity/control issue with a standard explanation.
322676,"@AppleSupport It would appear putting your phone on silent only allows a vibrating alarm? DND fine if i know when im going to fall asleep.. chances, slim.",how_to_question,True,how_to_question,True,The customer asks about alarm behavior when the phone is on silent and mentions vibration/DND; this is a feature-behavior question rather than a reported malfunction.
1541981,"Just updated to iOS 11.1 &amp; iPhone will recognize it’s being charged for under 1 min then stops charging. What’s up with that, @AppleSupport?",software_bug_after_update,True,software_bug_after_update,True,The customer says that after updating to iOS 11.1 the iPhone recognizes charging for less than a minute and then stops; the update is the explicit trigger for the charging-related software problem.
738914,"@AppleSupport Some of the notifications I receive on my phone are lacking the app icon, only the placeholder shape. How to report?",software_bug_after_update,True,software_bug_after_update,True,The customer reports notification banners showing only a placeholder shape instead of the app icon and asks how to report it; this is a concrete notification/UI software defect.
1715633,Apple iPhone 8 Bluetooth’s keeps crashing BMW’s Connected Drive. @115858 @4792,connectivity_issue,True,connectivity_issue,True,The customer says the iPhone 8 Bluetooth connection keeps crashing BMW Connected Drive; this is directly a Bluetooth connectivity problem.
320921,@AppleSupport Can’t use the App Store; refuses to sign in my Apple ID. Can’t download anything and am beyond frustrated. Unacceptable...,account_access,False,account_access,False,"The customer cannot use the App Store because it refuses to sign in their Apple ID and therefore cannot download anything; this is an account-access problem, which is always non-auto-handled."
584726,Hey @AppleSupport I’m having problems with my X not connecting to my Bluetooth in my car. It worked for a few days but kept disconnecting and now it won’t pair at all.,connectivity_issue,True,connectivity_issue,True,The customer says the iPhone X repeatedly disconnects from Bluetooth in the car and now will not pair at all; this is a routine Bluetooth connectivity issue.
2782047,@AppleSupport  my phone updated last night to iOS 11.1.2 and my battery is draining faster than my tub drain. How do I fix this?  Can’t keep buying new phones 😐,software_bug_after_update,True,software_bug_after_update,True,"The customer says the phone updated to iOS 11.1.2 and its battery now drains much faster, then asks how to fix it; the update is the stated trigger for the software battery problem."
675416,@AppleSupport why has my Apple Pencil stopped working with IOS11?,software_bug_after_update,True,software_bug_after_update,True,"The customer says the Apple Pencil stopped working with iOS 11; because the failure is explicitly tied to the OS update, it belongs to post-update software misbehavior."
853934,@AppleSupport any idea how to fix this when trying to install a clean copy of os? https://t.co/BCEDNXq8s0,update_install_issue,True,update_install_issue,True,The customer asks how to fix a problem while trying to install a clean copy of the OS; the problem is with the installation process itself.
722476,"If you’ve got an iPhone, please don’t do the iOS 11 update. Your phone starts to go slow etc. Just like mine when I’m due an upgrade! @115858",software_bug_after_update,True,software_bug_after_update,True,"The customer warns that after the iOS 11 update the phone becomes slow, using their own phone as the example; this is post-update software degradation."
2688195,@AppleSupport tell me why my headphones just burned and shocked the inside of my ear,hardware_malfunction,False,hardware_malfunction,False,"The customer says their headphones 'burned and shocked the inside of my ear'; this is a physical hardware problem with an explicit injury/shock safety signal, so auto-handle must be false."
1967203,@AppleSupport is there a way you can check the health of my battery?,how_to_question,True,how_to_question,True,The customer asks whether Apple can check the health of their battery; this is a straightforward information/how-to request with no reported malfunction.
795791,"@AppleSupport since updating to #ios11, battery life has never been so bad.",software_bug_after_update,True,software_bug_after_update,True,The customer says battery life has been unusually bad 'since updating to iOS11'; the update is the explicit trigger for the software battery issue.
2078777,Hate this new iPhone update 👺 phone crashes all the time now and touch screen sometimes doesn’t work. @AppleSupport - sort it out!,software_bug_after_update,True,software_bug_after_update,True,The customer says the new iPhone update makes the phone crash constantly and sometimes the touchscreen stop working; the update is the stated cause of the software/device behavior.
2477677,"my mac is tripping, my phone is tripping, my apple ID doesn’t work. I spent four hours today at the Apple Store trying to fix it all so they could tell me to “come back tomorrow” @AppleSupport WASGOOD",account_access,False,account_access,False,The customer says their Apple ID does not work after also reporting problems with the Mac and phone and an unhelpful Apple Store visit; the explicit Apple ID access problem is an account-access case and requires non-auto handling.
647423,@115858  fix the issue with Bluetooth. Idk it it’s just me but I been having problems with my @117013 SRS-XB30 ever since ug to iOS 11,connectivity_issue,True,connectivity_issue,True,The customer reports Bluetooth problems with an SRS-XB30 'ever since' upgrading to iOS 11; the concrete support issue is Bluetooth connectivity.
245366,@AppleSupport Subscribed to Apple Music yesterday. Downloaded songs but they don’t play offline in a car but do with no WiFi at home.,software_bug_after_update,True,software_bug_after_update,True,The customer says downloaded Apple Music songs will not play offline in the car even though they work without Wi-Fi at home; this is a playback/software issue with a routine troubleshooting path.
1067803,@AppleSupport Is the Pre-Auth for iphone X live on Apple Store app? (For Apple Upgrade Program),billing_purchase,True,billing_purchase,True,"The customer asks whether the iPhone X pre-authorization is live in the Apple Store app for the Apple Upgrade Program; this is routine purchase/program information, not an active dispute."
946675,@AppleSupport Didn’t have these issues prior to installing update. I know others with same issue of phone bogging down since update,software_bug_after_update,True,software_bug_after_update,True,The customer says they did not have the issues before installing the update and now the phone is 'bogging down'; the update is the stated trigger for software misbehavior.
2343824,Thanks for nothing @AppleSupport your upgrade still didn’t fix the autocorrect issue. I’m tired of seeing those stupid boxes. #getittogether,software_bug_after_update,True,software_bug_after_update,True,The customer says the latest upgrade still did not fix the autocorrect issue and mentions the recurring boxes; this is a specific post-update software/keyboard defect.
548160,Aaaargg! @AppleSupport Just spent an hour trying to get into my new iPhone X due to your freaking Dec 2 bug! #quality of latest code drops are not good. #not happy,software_bug_after_update,True,software_bug_after_update,True,The customer says they spent an hour trying to get into a new iPhone X because of the December 2 bug; the named bug is a software/update-related setup failure.
427408,@AppleSupport Like I have to use my speaker or headphones to talk on the phone,hardware_malfunction,True,hardware_malfunction,True,"The customer says they have to use the speaker or headphones to talk on the phone, indicating a phone audio/speaker fault with no update mentioned; this is routine hardware troubleshooting."
339952,@AppleSupport can you tell me how to improve my iPhone 6s? Because after installing IOS 11 it’s slow and crashes a lot!! Hi from Mexico,software_bug_after_update,True,software_bug_after_update,True,The customer asks how to improve an iPhone 6s that became slow and crashes a lot after installing iOS 11; the update is the explicit trigger for the software problems.
2420766,My debit card is been debited with Rs.2300/- without any notice. Requesting for refund immediately!! @AppleSupport @92395,billing_purchase,False,billing_purchase,False,The customer says their debit card was charged Rs.2300 without notice and requests an immediate refund; this is an active unauthorized charge/refund request and cannot be auto-handled.
1368993,@142400 @AppleSupport Omg the Bluetooth always.,connectivity_issue,True,connectivity_issue,True,"The customer says Bluetooth is 'always' a problem; although brief, the visible complaint identifies Bluetooth as the connectivity issue and is suitable for standard troubleshooting."
1455307,@115858 IOS 11 is the worst update to date. My phone is useless without WiFi.,connectivity_issue,True,connectivity_issue,True,The customer says iOS 11 is the worst update and that the phone is useless without Wi-Fi; the actionable problem is loss of Wi-Fi connectivity.
889155,@AppleSupport how do i stop getting these notifications every single day i back my stuff up through google because it’s infinitely better than iCloud https://t.co/sZiwZkiDYX,how_to_question,True,how_to_question,True,The customer asks how to stop daily backup notifications because they back up through Google instead of iCloud; this is a routine notification/backup-setting how-to.
1526964,"@115858 bro.. why tf everytime i put “i” ,i get this bullshit 👉🏾 I️",software_bug_after_update,True,software_bug_after_update,True,The customer says typing lowercase 'i' produces the 'I' symbol; this is the specific software keyboard glitch and is routine to address.
2627781,@AppleSupport Can I pay annually for icloud storage?,billing_purchase,True,billing_purchase,True,The customer asks whether iCloud storage can be paid for annually; this is routine pricing/payment information with no active charge dispute.
2774351,"@AppleSupport Even after agreeing to the terms and conditions 10 times why does it keep on prompting me to do that? 
PS: Wi-Fi is working perfectly fine so it’s not an connectivity issue https://t.co/KbIQAlXPDi",software_bug_after_update,True,software_bug_after_update,True,"The customer says the device repeatedly prompts for terms and conditions even after accepting them ten times, while explicitly ruling out Wi-Fi; this is a software/settings loop, not connectivity."
2608614,@115858 @115858 the new update has put the “auto brightness” selection tool buried under too many sub menus! Put it back to settings—&gt;display,complaint_feedback,True,how_to_question,True,The customer complains that the new update buried the auto-brightness control and asks to put it back under Display; this is feature/settings feedback rather than a broken function.
2627783,"Thanks @115858  @AppleSupport  for making me stop using my iPhone due to accidentally updating my iOS, now many apps are broken.  No matter how many times I remove the update notification it always comes back and now I can't go back.  Never again, no more iPhones for me!",software_bug_after_update,True,software_bug_after_update,True,"The customer says an accidental iOS update broke many apps, repeatedly restores the update notification, and prevents going back; the update is causing the software problems."
842502,"@118721 @115858 @AppleSupport are you kidding me?! every month I'm getting emails ""Payment method problem"". WTF?!",billing_purchase,False,billing_purchase,False,The customer says they receive a recurring 'Payment method problem' email every month; recurring payment-related account activity is billing and is not appropriate for auto-handling.
1499952,@AppleSupport I am being fobbed off! Who can I complain to at the highest level in the UK! 😡😡😡,complaint_feedback,False,complaint_feedback,False,"The customer says they are being 'fobbed off' and asks who they can complain to at the highest level in the UK; this is an explicit escalation demand, so auto-handle is false."
559184,@AppleSupport Not paying for a closed-source OS so all my apps can crash. What’s up?,software_bug_after_update,True,complaint_feedback,True,The customer says they will not pay for a closed-source OS if it makes apps crash and asks rhetorically 'What's up?'; there is no concrete support request beyond the general complaint.
2404963,"Yo @AppleSupport I keep turning Wi-fi off but it keeps turning itself back on, how do I fix this?",connectivity_issue,True,connectivity_issue,True,The customer says Wi-Fi keeps turning itself back on after they turn it off and asks how to fix it; this is a routine Wi-Fi connectivity/control issue.
2019017,"Why do I always update my iPhone? New @115858 updates ALWAYS slow it down, so I have to buy a new one or be frustrated. I’ve had enough, 3rd iPhone that’s a POS now.",software_bug_after_update,True,software_bug_after_update,True,The customer says new iPhone updates always slow the phone and leave them frustrated about buying a new one; the complaint is about update-triggered software degradation.
2731420,@AppleSupport why does my iPhone always restart when I’m on Pandora listening to music?,software_bug_after_update,True,software_bug_after_update,True,The customer asks why the iPhone always restarts while listening to Pandora; this is a concrete software/app crash symptom with a routine troubleshooting path.
2952363,"Thanks for the speedy response @AppleSupport. I would love to buy #AppleWatchSeries3 with cellular support. My country of origin is #India. 
Thanks! https://t.co/y0cWKZb6qh",billing_purchase,True,billing_purchase,True,The customer says they would like to buy an Apple Watch Series 3 with cellular support in India; this is a routine purchase/availability question without an active transaction dispute.
2448374,@AppleSupport HOW DO I️ FIX THIS &gt;&gt;&gt; I️ ?,software_bug_after_update,True,software_bug_after_update,True,The customer asks how to fix the visible 'I' character glitch; this is the specific keyboard software issue and is routine to handle.
2773151,"Please @AppleSupport fix iOS11 for 6s, it’s completely destroyed the phone. Bluetooth on and off, apps just grey out and phone now freezes!! I promise I’ll update next year, I just need a working phone now. 👍🏻",software_bug_after_update,True,software_bug_after_update,True,"The customer says iOS 11 on a 6s causes Bluetooth toggling, greyed-out apps, and freezing and asks for a working phone; the update is explicitly causing multiple software failures."
2736419,why does my music stop every time i get a notification or even for no reason at all plz help i’m sick of it😩 legit happens like 5 times a minute @AppleSupport,software_bug_after_update,True,software_bug_after_update,True,"The customer says music stops whenever a notification arrives or even randomly, happening about five times a minute; this is a specific software/playback malfunction."
1882059,Hey @115858 my phone keeps freezing up because of these updates sometimes it won’t even cut off smh,software_bug_after_update,True,software_bug_after_update,True,The customer says the phone keeps freezing because of the updates and sometimes will not even shut off; the update is the stated trigger for software misbehavior.
955068,@346601 @AppleSupport @4305 Ohh my version isn’t that one. App Store not showing further updates available. How can I manually do an update? Delete app and download again?,update_install_issue,True,update_install_issue,True,"The customer says the App Store does not show further updates and asks how to manually update an app, including whether deleting and re-downloading would work; this is an update-process question."
105396,"El caos post bug root de @115858 

- MBP sin parchear.
- El bug NO funciona (se supone por por actualización oculta).
- El parche aparece en actualizaciones.

¿Que hago? ¿Instalo o no instalo? https://t.co/NCVbKLo6nd",update_install_issue,True,update_install_issue,True,The customer says a patch appears in the updates list and asks whether to install it after an update-related bug situation; the question concerns the update/installation process.
1612677,"@AppleSupport what is this zoom button, where did it come from and how do I get it to go away???! https://t.co/HkcsUHdiHo",how_to_question,True,how_to_question,True,"The customer asks what the zoom button is, where it came from, and how to make it go away; this is a settings/feature how-to request."
990420,@AppleSupport there is a bug in iOS 11 when we take person on con call screen gets stuck #Iphone6 @115858,software_bug_after_update,True,software_bug_after_update,True,The customer reports a bug in iOS 11 where the screen gets stuck during a conference call; the OS version is the stated context for the software failure.
2321154,"Anyone else having an issue with their iPhone 7plus not maintaining the camera settings? Live Photos keeps turning on, my photo grid keeps turning off. Uuuugh. @AppleSupport, suggestions?",software_bug_after_update,True,software_bug_after_update,True,The customer says the iPhone 7 Plus does not retain camera settings because Live Photos turns on and the photo grid turns off; this is a camera-settings software behavior problem.
1901040,Ever since the update my phone takes forever to charge and loses battery while plugged in to the charger...Thanks @115858 👌,software_bug_after_update,True,software_bug_after_update,True,The customer says that ever since the update the phone takes a long time to charge and loses battery while plugged in; the update is the explicit trigger for the software/charging symptom.
1212338,pls @AppleSupport help me how do i get a Lot of videos from my phone to computer,how_to_question,True,how_to_question,True,"The customer asks how to transfer a lot of videos from the phone to a computer; nothing is reported as broken, so this is a routine how-to request."
935951,@AppleSupport how can I uninstall IOS11 and reinstall IOS10? Thanks.,update_install_issue,True,update_install_issue,True,The customer asks how to uninstall iOS 11 and reinstall iOS 10; this directly concerns the OS upgrade/downgrade process.
1148805,Hey @AppleSupport ... did your update and now my phone freezes all of the time and my battery drains faster than Dale Jr on race day. Thanks,software_bug_after_update,True,software_bug_after_update,True,The customer says that after the update the phone freezes frequently and its battery drains faster; the update is the stated trigger for the software problems.
1484169,Hey @AppleSupport what happened with this iOS 11? Since the upgrade the battery life deteriorated a lot. 30h then 8h now.,software_bug_after_update,True,software_bug_after_update,True,The customer says battery life deteriorated from about 30 hours to 8 hours since the iOS 11 upgrade; this is a clear post-update software symptom.
481827,"@AppleSupport yo, like come on now, first I get the dreaded “a” bug now I’m getting the I.T bug. When is this getting fixed?",software_bug_after_update,True,software_bug_after_update,True,The customer reports the 'a' bug followed by the 'I.T' bug and asks when it will be fixed; this is a specific software keyboard defect.
1786985,Smashed my phone an absolute peach @AppleSupport any free repairs 👍🏼,hardware_malfunction,False,hardware_malfunction,False,"The customer says they smashed the phone and asks for free repairs; the physical damage implies a repair decision, which is explicitly a non-auto case."
1010032,My shit dies on 30% and restarts when I plug my headphones in 🙃 way to force the upgrade @115858 https://t.co/sEZgKv2za2,software_bug_after_update,True,hardware_malfunction,True,"The customer says the phone dies at 30% and restarts when headphones are plugged in; no update is mentioned in the visible text, so this is a routine physical/device malfunction."
2129230,@AppleSupport. My wifi constantly keeps disconnecting wen in connect it agine  5 seconds later it disconnect agine  itz really frustrating,connectivity_issue,True,connectivity_issue,True,The customer says Wi-Fi disconnects about five seconds after reconnecting and calls it frustrating; this is a concrete Wi-Fi connectivity problem.
513653,@115858 please fix this I.T glitch.,software_bug_after_update,True,software_bug_after_update,True,The customer asks Apple to fix the 'I.T' glitch; this is the specific keyboard software bug and is routine to handle.
1301896,@AppleSupport  @115858  iOS 11 is arguably the worst thing I’ve ever done to my phone... I have to charge my phone 3x day. Thanks Apple,software_bug_after_update,True,software_bug_after_update,True,The customer says iOS 11 is the worst thing they have done to the phone because they now have to charge it three times a day; the update is the stated cause of the battery problem.
617175,@115858 bought a MacBook Pro 6 weeks ago. It was faulty straight out of the box. Just had it exchanged and the new one is also faulty. Shit,hardware_malfunction,False,hardware_malfunction,False,"The customer says a MacBook Pro was faulty straight out of the box, was exchanged, and the replacement is also faulty; the repeated out-of-box hardware failure implies a warranty/replacement decision."
1102622,"Hi @115858.
I am part of the upgrade program since 2 years and when I try to sign up for iPhone X it tells me I’m not enrolled.
Can you help?",billing_purchase,False,billing_purchase,False,The customer says they have been in the upgrade program for two years but are told they are not enrolled when signing up for iPhone X; this is a purchase/program eligibility issue requiring non-auto handling.
537623,"@AppleSupport iOS11 is beyond infuriating. I know you can't be that stupid since you want everyone to upgrade their iPhones, but your iOS hits a new low when I have my iPhone 6 PLUGGED IN all night and wake up to a screen that says that battery is drained, needs to be plugged in.",software_bug_after_update,True,software_bug_after_update,True,The customer says iOS 11 leaves the iPhone 6 plugged in all night yet drained by morning; the update is explicitly blamed for the battery/charging software problem.
583567,@115858 Your keyboard issues are so frustrating. Every time I type “it” it autocorrects to “I.T”    Why would anyone want to type I.T???,software_bug_after_update,True,software_bug_after_update,True,The customer says typing 'it' always autocorrects to 'I.T' and calls the keyboard issue frustrating; this is a specific software keyboard bug.
753014,@AppleSupport ever since installing ios11 I can’t control Spotify from my lock screen. Please can you tell me how to fix. Thanks,software_bug_after_update,True,software_bug_after_update,True,The customer says installing iOS 11 removed Spotify controls from the lock screen and asks how to fix it; the update is the explicit trigger.
56985,"@115858 @AppleSupport how do I get my keyboard to STOP auto correcting the letter ""I️"" to a symbol. See attached photo. https://t.co/SpXE0xFHvi",software_bug_after_update,True,software_bug_after_update,True,The customer asks how to stop the keyboard from autocorrecting the letter 'I' to a symbol; this is the known keyboard software glitch.
208189,@AppleSupport ios 11.0.1 can’t connect bluetooth to my car’s head unit. Will wait for your reply.,connectivity_issue,True,connectivity_issue,True,The customer says iOS 11.0.1 cannot connect Bluetooth to the car's head unit; the actionable issue is Bluetooth connectivity.
1327414,@AppleSupport what options are there if you have lost your phone but can’t find my iPhone as you’ve forgotten your iCloud password?,account_access,False,account_access,False,"The customer has lost the phone, cannot use Find My iPhone, and has forgotten the iCloud password; the forgotten iCloud credentials make this an account-access case and auto-handle is always false."
882591,@AppleSupport hi! I just purchased an apple watch in one of the stores but my online receipt didn't come through. What to do?,billing_purchase,False,billing_purchase,False,"The customer says they purchased an Apple Watch but the online receipt did not arrive and asks what to do; this is a purchase/receipt lookup issue, so it should not be auto-handled."
1886378,Disgusted w @115858 @AppleSupport right now. Since updating to #ios11 can only send video via #iMessage. What am I paying for? #apple #iphone,software_bug_after_update,True,software_bug_after_update,True,The customer says that since updating to iOS 11 they can only send video through iMessage; the update is the stated trigger for the messaging software failure.
2488704,@115858 @AppleSupport can you fix the “I️” glitch already,software_bug_after_update,True,software_bug_after_update,True,The customer asks Apple to fix the 'I' glitch; this is the specific keyboard software bug and is routine to handle.
791612,@AppleSupport why isn’t my phone connecting to any WiFi now 🤔🙄😒,connectivity_issue,True,connectivity_issue,True,The customer asks why the phone is not connecting to any Wi-Fi; this is a direct Wi-Fi connectivity problem.
39670,@AppleSupport why does my iPhone turn on WiFi and Bluetooth automatically? 😭 #IWantToUseMyData,connectivity_issue,True,connectivity_issue,True,The customer says the iPhone turns Wi-Fi and Bluetooth on automatically and wants to use cellular data instead; these are direct connectivity-control problems.
691381,"@AppleSupport @115858 really failed with ios11, my phone is a wreck post update, even with recent bug fixes",software_bug_after_update,True,software_bug_after_update,True,The customer says iOS 11 left the phone a wreck after the update even after recent bug fixes; the update-related software malfunction is specific enough for routine handling.
435187,My iTunes Store charged my card two times. I need my money back. @118936 @AppleSupport,billing_purchase,False,billing_purchase,False,The customer says the iTunes Store charged their card twice and asks for the money back; this is a duplicate charge/refund request and must not be auto-handled.
486262,"@AppleSupport Hi, I can't seem to access any of my iCloud Drive files in the Files app. It just shows an empty screen :(",software_bug_after_update,True,software_bug_after_update,True,The customer cannot access iCloud Drive files in the Files app because it shows an empty screen; this is a concrete cloud/file-app software malfunction.
1095896,"Hi @AppleSupport. What am I missing here, why can’t I downgrade? Why is “Done” greyed out. Thanks. https://t.co/rNblg7ZuF9",update_install_issue,True,update_install_issue,True,The customer asks why they cannot downgrade and says the 'Done' button is greyed out; the issue is with the OS downgrade process itself.
2903673,Does anyone know how to turn off the @115858 ios push updates FOREVER? Keeps downloading in the background using me space. Ill never ever update to ios 11 on iPhone 6 ever‼️,update_install_issue,True,update_install_issue,True,The customer asks how to turn off iOS push updates forever because they keep downloading in the background; this is a question about controlling the update process.
2525493,"Oh yeah, and fix the damn “A question mark” bug in your shit update @115858",software_bug_after_update,True,software_bug_after_update,True,The customer asks Apple to fix the 'A question mark' bug in the update; the update is explicitly the source of the keyboard/text rendering software bug.
1434273,@AppleSupport getting white squares in notifications on series 2 watch since updating to OS4. Tried unpairing and deleting but no luck. https://t.co/Ns2Z1AxrtB,software_bug_after_update,True,software_bug_after_update,True,The customer reports white squares in notifications on a Series 2 Watch since updating to OS4 and says unpairing and deleting did not help; the update is the explicit trigger for the software/UI problem.
1445586,@AppleSupport what is up with no keyboard when texting?  Didn’t happen with ios10. https://t.co/QBeapaA4jy,software_bug_after_update,True,software_bug_after_update,True,The customer says there is no keyboard when texting and that it did not happen on iOS 10; the OS-version comparison points to post-update software misbehavior.
1966608,.@116333 https://t.co/AmmPU7HzNI Steve would be 😡My iOS still lags and drains battery. Apple is not on the cutting edge anymore. No taste.,software_bug_after_update,True,software_bug_after_update,True,The customer says iOS still lags and drains battery and criticizes Apple's performance after the update context; the actionable symptoms are software misbehavior.
2169780,"@115858 u got me out here looking like my keyboard is set to Wingdings, fix up pls",software_bug_after_update,True,software_bug_after_update,True,The customer says the keyboard looks like it is set to Wingdings and asks Apple to fix it; this is a concrete keyboard/UI software problem.
2888470,I’m not even kidding my iPhone is so screwed it just went from 99% straight of charge to boiling hot and 27% what is up with that ish @AppleSupport?,hardware_malfunction,False,hardware_malfunction,False,"The customer says the iPhone went from 99% charged to 27% and became 'boiling hot'; the battery behavior is a physical fault with an explicit overheating safety signal, so auto-handle is false."
1866211,I PURCHASED A BRAND NEW MACBOOK FROM THE  @115858 STORE TWO WEEKS AGO AND ITS NOT CHARGING! I SHOULD NOT HAVE ISSUES THIS EARLY https://t.co/VLtaWDFWBp,hardware_malfunction,False,hardware_malfunction,False,The customer says a brand-new MacBook purchased two weeks ago is not charging and stresses how early the failure occurred; the new-device failure implies warranty/replacement handling.
1881015,"@AppleSupport When I'm on phone call I cannot switch to speaker, it takes forever to respond to call tap, iOS11.0.3 &amp; you guys really sucks",software_bug_after_update,True,software_bug_after_update,True,The customer says they cannot switch to speaker during calls and identifies iOS 11.0.3; the OS version is tied directly to the call-control software failure.
2678863,@AppleSupport ok how do I get this notification to go away it’s been there for 2 days and won’t leave me alone I’m so annoyed https://t.co/ARlprJ8ids,how_to_question,True,how_to_question,True,The customer asks how to make a notification disappear after it has remained for two days; this is a routine notification-setting/troubleshooting request.
2013910,Iphone needs to fix this I glitch from the iOS update I’m about to get real mad. The I corrects to an A + question box @115858,software_bug_after_update,True,software_bug_after_update,True,The customer says an iOS update causes the letter 'I' to become an 'A' plus a question box; the update is the explicit trigger for the software keyboard/rendering bug.
568459,"Hello !, @AppleSupport I have an iPhone 6S, and I want to delete the iCloud photos that I have 5GB and I do not have more space. How can I delete the 635 photos?",how_to_question,True,how_to_question,True,The customer asks how to delete 635 iCloud photos because storage is full; this is a straightforward photo-management how-to question.
1123180,@AppleSupport my phone died and now it won't turn on again and It's not the charger and none of the button things are working...sos,hardware_malfunction,True,hardware_malfunction,True,"The customer says the phone died and will not turn on, the charger is not the cause, and the buttons do not work; no update is mentioned, so this is a physical device fault suitable for routine troubleshooting."
2147678,@115858 get your fucking shit together and fix the keyboard holy fuck. I’m sick of constantly updating shit cause you can’t make it work right the first time... Are you fucked!? I️ can’t even type “I️” cause it just turns into bullshit,software_bug_after_update,True,software_bug_after_update,True,The customer angrily says the keyboard is broken after repeated updates and that the 'I' character turns into something else; the underlying issue is the known post-update software keyboard bug.
2695998,Unhappy with the iOS 11 update on iPhone5s my phone got much slower @AppleSupport I regret updating it.,software_bug_after_update,True,software_bug_after_update,True,The customer says the iOS 11 update made an iPhone 5s much slower and regrets updating; the update is the explicit trigger for the software performance problem.
2213579,Wow @115858 update bricked my phone basically don’t get internet signal unless on wifi,connectivity_issue,True,connectivity_issue,True,The customer says the update effectively 'bricked' the phone because it gets no internet signal unless on Wi-Fi; the actionable problem is loss of cellular connectivity.
588089,"@AppleSupport there needs to be a bug fix. Whenever I’m listening to music, it’ll randomly stop multiple times during the song and that’s obnoxious",software_bug_after_update,True,software_bug_after_update,True,The customer says music randomly stops multiple times during a song and asks for a bug fix; this is a concrete software playback malfunction.
2505090,"iPhone 6 randomly restarts, camera roll frequently won’t open, screen orientation issues when in messages app. #ios11 @AppleSupport",software_bug_after_update,True,software_bug_after_update,True,"The customer reports random restarts, camera-roll failures, and screen-orientation problems under iOS 11; these are specific software symptoms suitable for routine troubleshooting."
2727024,"Spent 13 hrs on ☎️2day w/ 10 different #Apple reps, all of whom advised they would resolve my iCloud backup issue &amp; several of whom disconnected my call so as not to lose points for staying on the phone too long w/ me. #unacceptable @AppleSupport @116333",account_access,False,account_access,False,"The customer describes 13 hours with 10 Apple representatives trying to resolve an iCloud backup issue, including disconnected calls; this is an account/iCloud support escalation and is not suitable for auto-handling."
267785,The newest @115858 update 4 the iPhone has the be the worst thing ever. My phone is practically unusable w/ all the glitches from the update,software_bug_after_update,True,software_bug_after_update,True,The customer says the newest iPhone update makes the phone practically unusable with glitches; the update is explicitly identified as the source of the software problems.
1434156,@AppleSupport can other people see my iCloud profile pic when I send them e-mail?,how_to_question,True,how_to_question,True,The customer asks whether other people can see their iCloud profile picture when they send email; this is a straightforward privacy/feature-information question.
2287404,@applesupport Multiple attempts to get help from iTunes app on a Mac with ZERO response. Updating payment method with ZERO success. Where is help when I need it?,billing_purchase,False,billing_purchase,False,The customer reports repeated unsuccessful attempts to update the iTunes payment method and says they received zero help; this is a payment-method/billing issue and requires non-auto handling.
1522052,If you haven’t updated ur iphones don’t! Unitil u have no choice @115858 ever since my wife did she has had problemsCan’t login her Apple ID,account_access,False,account_access,False,"The customer says that after the wife updated her iPhone, she has problems logging into her Apple ID; the explicit login failure is account access and must not be auto-handled."
1924718,"I can has found a bug when I loaded two memory hungry apps side by side which crashed, couldn’t escape them until I dragged safari icon over one of them, when I tried to- it stole my safari icon until I rotate the screen. Then it comes back. @AppleSupport https://t.co/OKE9t4J7im",software_bug_after_update,True,software_bug_after_update,True,The customer describes two memory-heavy apps crashing and the Safari icon disappearing until screen rotation restores it; these are concrete software/UI failures with a routine troubleshooting path.
2689416,@AppleSupport tried to connect my Bluetooth headphones and got this pop-up https://t.co/hgLA5s60hi,connectivity_issue,True,connectivity_issue,True,The customer says they tried to connect Bluetooth headphones and received a connection pop-up; the visible problem is Bluetooth pairing/connectivity and is routine to troubleshoot.
1762070,why does WiFi turn on by itself when I turn it off manually it’s annoying @AppleSupport,connectivity_issue,True,connectivity_issue,True,The customer asks why Wi-Fi turns on by itself after they manually turn it off; this is a direct Wi-Fi control/connectivity issue.
2032246,@AppleSupport my iphone started freezing and restarting frequently after ugrading to #ios11. The fuck are you guys doing?,software_bug_after_update,True,software_bug_after_update,True,The customer says the iPhone started freezing and restarting frequently after upgrading to iOS 11; the upgrade is the explicit trigger for the software malfunction.
2757516,"@AppleSupport hello, my phone won't charge after a hard reset, trying several cords, and plugging it into my Macbook. It is at 2% battery so an iOS update isn't an option currently. Please help.",hardware_malfunction,True,hardware_malfunction,True,"The customer says the phone will not charge after a hard reset despite several cords and a MacBook, with only 2% battery; no update is reported as the cause, so this is a physical charging fault."
1802980,"@AppleSupport glitch in iOS 11.0.3
Never happened before.
The music seek bar doesn’t work nor does it update per second.
Tried closing and opening the app &amp; restarted as well, doesn’t work.
Please fix https://t.co/7dRFPsYdLE",software_bug_after_update,True,software_bug_after_update,True,The customer reports that in iOS 11.0.3 the music seek bar does not work or update and says it never happened before; this is a specific post-update software bug.
1908211,"@115858 the software update that happened overnight on my 6s is causing my phone to crash, and the battery is starting to overheat. Thanks.",software_bug_after_update,False,software_bug_after_update,False,"The customer says an overnight software update caused the phone to crash and the battery to start overheating; the update causes a software malfunction, but the explicit overheating is a safety signal, so auto-handle is false."
851752,@AppleSupport Why aren’t my ring tones under downloaded? How do I get them back?,how_to_question,True,how_to_question,True,The customer asks why downloaded ringtones are missing and how to get them back; this is a routine content/settings troubleshooting request.
772331,@AppleSupport  do you know if the new IPad Pro supports adobe dreamweaver?,how_to_question,True,how_to_question,True,The customer asks whether the new iPad Pro supports Adobe Dreamweaver; this is a compatibility/product-information question with no broken feature reported.
2048216,Just loving how well @115858 #icloud is syncing health data between two iPhones #datafail https://t.co/QwNJx0CsoF,software_bug_after_update,True,software_bug_after_update,True,"The customer sarcastically reports that iCloud is not syncing health data between two iPhones; the concrete issue is failed cloud synchronization, a routine software troubleshooting case."
2729051,"@115858   Très déçu par votre service technique, incapable de régler un problème d’identification d’adresse iCloud depuis des mois!",account_access,False,account_access,False,The customer says technical support has been unable to solve an iCloud address-identification problem for months and expresses strong disappointment; the iCloud identity/access issue requires non-auto handling.
2597948,@AppleSupport Just got some AirPods and I cannot pair them to my phone. I'm showing a green flashing light. I keep holding down the setup button and doesn't turn to white blinking light. Help!,connectivity_issue,True,connectivity_issue,True,The customer says new AirPods cannot pair with the phone and the setup light stays green instead of flashing white; this is a Bluetooth pairing problem with standard troubleshooting.
264821,Post #ios11update I love having to charge my phone by noon. Thanks @115858 @AppleSupport. Just keeps me closer to home.,software_bug_after_update,True,software_bug_after_update,True,The customer says that after the iOS 11 update they have to charge the phone by noon; the update is explicitly linked to the battery-life deterioration.
2978785,"@AppleSupport I plugged my phone into my laptop to charge it, and my Apple Music songs disappeared from the “recently added” section of music. They are still accessible everywhere else in the app. Is there a way to get them back there?",software_bug_after_update,True,software_bug_after_update,True,"The customer says Apple Music songs disappeared from the 'recently added' section after plugging the phone into a laptop, although they remain elsewhere in the app; this is a specific music-app software/UI problem."
193564,@AppleSupport how do I turn access mail fetch setting in the new iOS? No longer an option under the mail settings.,how_to_question,True,how_to_question,True,The customer asks how to access the Mail fetch setting in the new iOS and notes it is no longer under Mail settings; this is a settings/how-to question.
1267176,@AppleSupport u say new update is ready but all I’m getting this. #sortit https://t.co/YaE4f7TT4u,update_install_issue,True,update_install_issue,True,The customer says a new update is supposedly ready but an error is all they receive; the problem is with the update being offered/installed.
1573042,@AppleSupport hurry and fix this I️ bug 😤 I️ JUST WANT TO TWEET NORMALLY,software_bug_after_update,True,software_bug_after_update,True,The customer asks Apple to hurry and fix the 'I' bug because they just want to tweet normally; this is a specific keyboard/text software bug.
2071318,"@115858 How can u not help when ur ICloud has been clearly breeched?!
#AppleSupport",account_access,False,account_access,False,The customer says their iCloud has clearly been 'breeched' and asks how Apple can fail to help; suspected unauthorized account access requires human handling.
90645,"@AppleSupport I can't seem to use the payment option ""none"" on my account.  Any suggestions as to how I can resolve this without entering payment details? https://t.co/UCcccGbPQq",billing_purchase,False,billing_purchase,False,The customer cannot use the payment option 'none' and asks how to resolve it without entering payment details; this is a payment-method/account billing issue and is not auto-handled.
2643362,Help! How do I delete all photos from my iPhone but keep them on iCloud? #apple @AppleSupport,how_to_question,True,how_to_question,True,The customer asks how to delete all iPhone photos while keeping them in iCloud; this is a routine photo-management how-to request.
2790686,@AppleSupport this same bug was happening with iOS 11.0.1 https://t.co/svzASxFuMK,software_bug_after_update,True,software_bug_after_update,True,"The customer says the same bug was happening with iOS 11.0.1; the explicit OS version ties the complaint to a software bug, and no escalation or safety signal is present."
2020561,@AppleSupport I️ cannot type correctly and my phone keeps glitching because of this update please fix this soon,software_bug_after_update,True,software_bug_after_update,True,The customer says they cannot type correctly and the phone keeps glitching 'because of this update'; the update is explicitly identified as the cause of the software/keyboard problem.
2548717,"My iphone 6 has started getting slower and crappier since iOS upgrade, - no i don't want the 8, @115858",software_bug_after_update,True,software_bug_after_update,True,The customer says the iPhone 6 has become slower and 'crappier' since the iOS upgrade and rejects buying an iPhone 8; the update is the stated trigger for software performance degradation.
